learner,tuner,pehe_mean,pehe_var,pehe_plug_mean,pehe_plug_var
x_cb,random,0.12506257609030988,0.0017173129181958272,0.3254554479263304,0.004752692178603293
x_cb,bayes,0.13099410033754658,0.0025148968325258794,0.34706028210778916,0.009670748381123917
