learner,tuner,pehe_mean,pehe_var,pehe_plug_mean,pehe_plug_var
x_rf,bayes,0.13095116265665435,0.0021667902851068748,0.2495585187228391,0.005511751718603737
x_rf,random,0.13208197489925771,0.0018989835126071392,0.24987169380453494,0.010444309964252987
