learner,tuner,pehe_mean,pehe_var,pehe_plug_mean,pehe_plug_var
x_cb,random,0.1306560679084024,0.001417117442990228,0.3712985199204081,0.006873368216327794
x_cb,bayes,0.13058055434994706,0.0016122456793714655,0.30823972381846004,0.005775845093504513
