learner,tuner,pehe_mean,pehe_var,pehe_plug_mean,pehe_plug_var
x_rf,random,0.1291706431368268,0.0012154366753814073,0.2751741760256003,0.01476107744070295
x_rf,bayes,0.12744816021752037,0.0013315592697007357,0.2872189548504636,0.01104055619215931
