learner,tuner,pehe_mean,pehe_var,pehe_plug_mean,pehe_plug_var
x_cb,random,0.13818855755911547,0.0032971984120777204,0.3092656625357968,0.010893698154794839
x_cb,bayes,0.14328845587905067,0.002876273687842517,0.3277056429356584,0.012787983129684032
