learner,tuner,pehe_mean,pehe_var,pehe_plug_mean,pehe_plug_var
x_cb,bayes,0.13233567526739498,0.002396511206377832,0.3460312835886312,0.009652838361042318
x_cb,random,0.12795447055282225,0.0018840284562976043,0.32516194871597137,0.007119608672591727
