learner,tuner,pehe_mean,pehe_var,pehe_plug_mean,pehe_plug_var
x_rf,grid,0.2219076285367964,0.0021879559033762506,0.014942298840431498,3.030293857684554e-06
x_rf,random,0.22203891686548874,0.002163976488678097,0.015078269115332799,4.792656662475773e-06
x_rf,bayes,0.22372449601328642,0.002071671812994124,0.01691193908021055,7.012290784723121e-06
