iteration,score,best_so_far
0,1.2701808563597339,1.2701808563597339
1,1.2880544986051847,1.2701808563597339
2,1.284551232124388,1.2701808563597339
3,1.287682800807177,1.2701808563597339
4,1.2922337675714575,1.2701808563597339
5,1.2888292254080576,1.2701808563597339
6,1.2692835512452492,1.2692835512452492
7,1.2715677965230385,1.2692835512452492
8,1.2849328067791899,1.2692835512452492
9,1.288984225032432,1.2692835512452492
