iteration,score,best_so_far
0,1.196353151745522,1.196353151745522
1,1.2046604390991027,1.196353151745522
2,1.2006972163494278,1.196353151745522
3,1.1977832931596526,1.196353151745522
4,1.2024502065314024,1.196353151745522
5,1.2002268408781616,1.196353151745522
6,1.1945312639449226,1.1945312639449226
7,1.1938380635109906,1.1938380635109906
8,1.1977133744272097,1.1938380635109906
9,1.1989140629128758,1.1938380635109906
