iteration,score,best_so_far
0,1.241377782164844,1.241377782164844
1,1.2607209770267784,1.241377782164844
2,1.265403560670239,1.241377782164844
3,1.2581663587730176,1.241377782164844
4,1.2650000609706173,1.241377782164844
5,1.2632026257142532,1.241377782164844
6,1.2405501046137222,1.2405501046137222
7,1.2429319516436752,1.2405501046137222
8,1.252151152829531,1.2405501046137222
9,1.2567899515577428,1.2405501046137222
