iteration,score,best_so_far
0,1.147088209953227,1.147088209953227
1,1.15038426187357,1.147088209953227
2,1.1496956268464789,1.147088209953227
3,1.1489883328598733,1.147088209953227
4,1.1504420125360202,1.147088209953227
5,1.1502128906507414,1.147088209953227
6,1.146993024996606,1.146993024996606
7,1.14421475010413,1.14421475010413
8,1.1482039890468732,1.14421475010413
9,1.1476517222333331,1.14421475010413
