learner,tuner,pehe_mean,pehe_var,pehe_plug_mean,pehe_plug_var
x_rf,random,0.13175941868798163,0.0015660842018071545,0.24030904476958187,0.00936163322059544
x_rf,bayes,0.1317031600285843,0.0018712850538046897,0.2507301753967571,0.005738682362779424
