iteration,score,best_so_far
0,1.2428054199281586,1.2428054199281586
1,1.2563573716901353,1.2428054199281586
2,1.2444364589170283,1.2428054199281586
3,1.2428054199281586,1.2428054199281586
4,1.251947878140829,1.2428054199281586
5,1.2429992566520518,1.2428054199281586
6,1.2571826986460035,1.2428054199281586
7,1.2511726055790788,1.2428054199281586
8,1.2607972589728733,1.2428054199281586
9,1.257269811959647,1.2428054199281586
