learner,tuner,pehe_mean,pehe_var,pehe_plug_mean,pehe_plug_var
x_rf,random,0.13707123000875715,0.0026244961964839854,0.24368651374921554,0.01389161251863014
x_rf,bayes,0.13868492134354934,0.003770890391549362,0.28936878160574203,0.01927878273016386
