learner,dimension,n_pairs,bayes_mean_pehe,random_mean_pehe,mean_difference_bayes_minus_random,ks_statistic,ks_pvalue,paired_t_statistic,paired_t_pvalue
x_cb,1d,30,0.14742455488013548,0.1510458826630233,-0.0036213277828878506,0.16666666666666666,0.8079631540901643,-3.019910816507107,0.005232327875432222
x_cb,2d,30,0.13744621848006192,0.170756365114387,-0.033310146634325064,0.5,0.0008995776840176799,-11.156413909774088,5.210528040340467e-12
x_cb,4d,30,0.14328845587905062,0.13818855755911547,0.005099898319935176,0.16666666666666666,0.8079631540901643,1.899446915275045,0.06749310132375794
x_cb,6d,30,0.15952444985391023,0.16096127336165683,-0.0014368235077466009,0.16666666666666666,0.8079631540901643,-0.2684278934249697,0.790270276779119
x_rf,1d,30,0.15303028780999162,0.15303028780999162,0.0,0.0,1.0,,
x_rf,2d,30,0.14555928252133613,0.14454646409619187,0.0010128184251442633,0.16666666666666666,0.8079631540901643,0.5165260112732816,0.6094038175704233
x_rf,4d,30,0.15578614460564846,0.15386939183564613,0.001916752770002346,0.1,0.9988393756362763,0.5424587799225553,0.5916471926480205
x_rf,6d,30,0.15636740590285095,0.1490091934198911,0.007358212482959818,0.16666666666666666,0.8079631540901643,2.0317581556212976,0.05142976930583778
