learner,tuner,pehe_mean,pehe_var,pehe_plug_mean,pehe_plug_var
x_rf,random,0.12743467539695244,0.0016667854597438524,0.3129138336931844,0.019738888149714875
x_rf,bayes,0.1224498949666323,0.0018154695259525047,0.30521209183403747,0.012992932376774645
