learner,tuner,pehe_mean,pehe_var,pehe_plug_mean,pehe_plug_var
x_rf,random,0.15386939183564613,0.003382479135374932,0.20460851938876906,0.0043455039013147855
x_rf,bayes,0.1557861446056485,0.003403338464865553,0.24019560745284776,0.0059724055861287585
