iteration,score,best_so_far
0,1.203161416027896,1.203161416027896
1,1.1695002036621083,1.1695002036621083
2,1.1919090286410094,1.1695002036621083
3,1.195557892601297,1.1695002036621083
4,1.2155323912046787,1.1695002036621083
5,1.2076241028524672,1.1695002036621083
6,1.1756292777367108,1.1695002036621083
7,1.195754115241012,1.1695002036621083
8,1.2228615923058102,1.1695002036621083
9,1.2091697563019188,1.1695002036621083
