iteration,score,best_so_far
0,1.2140079462859032,1.2140079462859032
1,1.1324399888750507,1.1324399888750507
2,1.1804473382831597,1.1324399888750507
3,1.2234699776346007,1.1324399888750507
4,1.1928257019174366,1.1324399888750507
5,1.2253256015251288,1.1324399888750507
6,1.1623443270093388,1.1324399888750507
7,1.19654863465902,1.1324399888750507
8,1.2099986794985862,1.1324399888750507
9,1.2026544896484614,1.1324399888750507
