learner,tuner,pehe_mean,pehe_var,pehe_plug_mean,pehe_plug_var
x_rf,grid,0.14476608997889423,0.001272359732267516,0.3610837913198437,0.014759649324999825
x_rf,random,0.14527043645666074,0.001434062015568253,0.35934196511688843,0.015359645004941622
x_rf,bayes,0.1452127500794853,0.001345482284740109,0.35981088844633874,0.014969381118254887
