learner,tuner,pehe_mean,pehe_var,pehe_plug_mean,pehe_plug_var
x_cb,bayes,0.13819520327229612,0.002360523831731803,0.31089549505456227,0.007049730952008955
x_cb,random,0.13667276532212205,0.002042811750567325,0.36768805279622957,0.006802470370086018
