iteration,score,best_so_far
0,1.2716521294371181,1.2716521294371181
1,1.2864886786261633,1.2716521294371181
2,1.275826514607891,1.2716521294371181
3,1.2716521294371181,1.2716521294371181
4,1.2838595348401478,1.2716521294371181
5,1.2714765284311422,1.2714765284311422
6,1.2863627673176063,1.2714765284311422
7,1.283579366538155,1.2714765284311422
8,1.2963589714955412,1.2714765284311422
9,1.2872404003347624,1.2714765284311422
