iteration,score,best_so_far
0,1.1912646034042824,1.1912646034042824
1,1.198064048823591,1.1912646034042824
2,1.1917927546879137,1.1912646034042824
3,1.1912646034042824,1.1912646034042824
4,1.197182778831758,1.1912646034042824
5,1.1956788664770615,1.1912646034042824
6,1.1976312733703365,1.1912646034042824
7,1.195929670607575,1.1912646034042824
8,1.2103048176268179,1.1912646034042824
9,1.1965653702575374,1.1912646034042824
