learner,tuner,pehe_mean,pehe_var,pehe_plug_mean,pehe_plug_var
x_cb,random,0.1204184827051108,0.0026544039081865963,0.35654182953011054,0.007737268375099752
x_cb,bayes,0.1279267217304944,0.002556608040082791,0.25841947576102986,0.003970901287878724
