learner,tuner,pehe_mean,pehe_var,pehe_plug_mean,pehe_plug_var
x_rf,random,0.12526091073694717,0.0022171471955820398,0.25389347134866913,0.012210233895418095
x_rf,bayes,0.12432484645049788,0.0023979662795187975,0.2522854900524902,0.005512001676578812
