learner,tuner,pehe_mean,pehe_var,pehe_plug_mean,pehe_plug_var
x_cb,bayes,0.17348589873027348,0.001406578305067489,0.4485359648964584,0.008070932839095508
x_cb,grid,0.1292514037545738,0.0016304781161529237,0.339262023823774,0.005094014009845093
x_cb,random,0.13386350974388367,0.0015764755548118544,0.36100151929244595,0.005322798018806834
