iteration,score,best_so_far
0,1.2034225655950277,1.2034225655950277
1,1.1888123539746902,1.1888123539746902
2,1.1919062152075455,1.1888123539746902
3,1.2041209022581791,1.1888123539746902
4,1.2225473669102425,1.1888123539746902
5,1.1907461647787083,1.1888123539746902
6,1.183938220100058,1.183938220100058
7,1.2006644143557519,1.183938220100058
8,1.1679285596110676,1.1679285596110676
9,1.1910344170526355,1.1679285596110676
