iteration,score,best_so_far
0,1.257039750881577,1.257039750881577
1,1.1723944399807555,1.1723944399807555
2,1.2197454041765128,1.1723944399807555
3,1.273131916294268,1.1723944399807555
4,1.231856067134731,1.1723944399807555
5,1.2464446324876925,1.1723944399807555
6,1.2149879940705164,1.1723944399807555
7,1.2242325898695854,1.1723944399807555
8,1.261911719414343,1.1723944399807555
9,1.2382923221574986,1.1723944399807555
