iteration,score,best_so_far
0,1.1651641209062682,1.1651641209062682
1,1.1221947021011045,1.1221947021011045
2,1.1679778471208009,1.1221947021011045
3,1.1967829805709171,1.1221947021011045
4,1.1865839540669694,1.1221947021011045
5,1.1984821270597548,1.1221947021011045
6,1.1594310648963102,1.1221947021011045
7,1.1865937296027174,1.1221947021011045
8,1.1718535056431703,1.1221947021011045
9,1.172494648734317,1.1221947021011045
