iteration,score,best_so_far
0,1.3064356223816633,1.3064356223816633
1,1.239668397790412,1.239668397790412
2,1.309546628708566,1.239668397790412
3,1.3107833762543963,1.239668397790412
4,1.3060868570556459,1.239668397790412
5,1.2977996720294094,1.239668397790412
6,1.2835275210917267,1.239668397790412
7,1.2944734577633037,1.239668397790412
8,1.3038869812263905,1.239668397790412
9,1.3023439143491122,1.239668397790412
