learner,tuner,pehe_mean,pehe_var,pehe_plug_mean,pehe_plug_var
x_rf,grid,0.15466125973496866,0.0027581280697617817,0.2951159689617849,0.007074094884557895
x_rf,random,0.15303028780999164,0.002712000524294116,0.2956927176013106,0.0072879274526128175
x_rf,bayes,0.15303028780999164,0.002712000524294116,0.2956927176013106,0.0072879274526128175
