learner,tuner,pehe_mean,pehe_var,pehe_plug_mean,pehe_plug_var
x_rf,bayes,0.13721598584802408,0.0017631412462975288,0.34554318216445834,0.015798070660015633
x_rf,grid,0.1399298760379352,0.0016809806785222743,0.34803647052842007,0.015612047193427785
x_rf,random,0.13748887500706877,0.0015450193920900771,0.3469390700829738,0.016232821105431366
