learner,tuner,pehe_mean,pehe_var,pehe_plug_mean,pehe_plug_var
x_cb,bayes,0.12191766320904754,0.001639656552379428,0.3361989789926349,0.007300839866930562
x_cb,grid,0.1231488916996607,0.0018663532234789355,0.33107265674544956,0.007392562060185443
x_cb,random,0.19195517893420624,0.0027167268620604665,0.4351532050296784,0.010520012673218188
