iteration,score,best_so_far
0,1.144749792173497,1.144749792173497
1,1.1497533411586651,1.144749792173497
2,1.1462486961415685,1.144749792173497
3,1.144749792173497,1.144749792173497
4,1.1473330680569431,1.144749792173497
5,1.146711169797275,1.144749792173497
6,1.1492998460989166,1.144749792173497
7,1.1427340416878484,1.1427340416878484
8,1.157926151369164,1.1427340416878484
9,1.1481741329329245,1.1427340416878484
