iteration,score,best_so_far
0,1.2642123512778836,1.2642123512778836
1,1.2665731521575594,1.2642123512778836
2,1.2648947357371045,1.2642123512778836
3,1.2642123512778836,1.2642123512778836
4,1.2631883983267278,1.2631883983267278
5,1.264968720365766,1.2631883983267278
6,1.269934380914787,1.2631883983267278
7,1.2602985260769355,1.2602985260769355
8,1.2759936242148646,1.2602985260769355
9,1.2724911693726229,1.2602985260769355
