learner,tuner,pehe_mean,pehe_var,pehe_plug_mean,pehe_plug_var
x_rf,random,0.14900919341989113,0.003182170045615542,0.22396505978574124,0.005955126846049563
x_rf,bayes,0.15636740590285098,0.0033551705313560245,0.23053691356777534,0.006608182571605282
