learner,tuner,pehe_mean,pehe_var,pehe_plug_mean,pehe_plug_var
x_rf,random,0.14701432806898324,0.0033183222412222955,0.28007873485607926,0.015197610952904495
x_rf,bayes,0.14119580558124772,0.003889900736706467,0.23941794936786484,0.007035150850683834
