learner,tuner,pehe_mean,pehe_var,pehe_plug_mean,pehe_plug_var
x_rf,random,0.13067646359751145,0.0030674031118511757,0.3271348925990184,0.03031422704664951
x_rf,bayes,0.13066799958828995,0.003195090931243702,0.30197097785147103,0.01965138523371949
