learner,tuner,pehe_mean,pehe_var,pehe_plug_mean,pehe_plug_var
x_cb,random,0.16096127336165686,0.004037370189540014,0.3869746341670934,0.017506445174856115
x_cb,bayes,0.15952444985391026,0.004436546483666834,0.33782038216565985,0.017852464239743068
