learner,tuner,pehe_mean,pehe_var,pehe_plug_mean,pehe_plug_var
x_rf,grid,0.14393228026312532,0.003542820823058444,0.35748412551264586,0.027719719551935886
x_rf,random,0.14160564773533754,0.0033219052226762576,0.35195642287152956,0.027019898479556475
x_rf,bayes,0.14060780821152546,0.003512602066030348,0.3569399063163924,0.026463196273310115
