iteration,score,best_so_far
0,1.2109767997129144,1.2109767997129144
1,1.214818942259124,1.2109767997129144
2,1.211220852259715,1.2109767997129144
3,1.2280421137009156,1.2109767997129144
4,1.2158193584236385,1.2109767997129144
5,1.211513578612102,1.2109767997129144
6,1.214818942259124,1.2109767997129144
7,1.212249568536042,1.2109767997129144
8,1.271715814495568,1.2109767997129144
9,1.211220852259715,1.2109767997129144
10,1.2109767997129144,1.2109767997129144
11,1.214818942259124,1.2109767997129144
12,1.214818942259124,1.2109767997129144
13,1.2109767997129144,1.2109767997129144
14,1.214818942259124,1.2109767997129144
15,1.214818942259124,1.2109767997129144
16,1.2109767997129144,1.2109767997129144
17,1.214818942259124,1.2109767997129144
18,1.214818942259124,1.2109767997129144
19,1.211513578612102,1.2109767997129144
20,1.2158193584236385,1.2109767997129144
21,1.2280421137009156,1.2109767997129144
22,1.214818942259124,1.2109767997129144
23,1.2158193584236385,1.2109767997129144
24,1.271715814495568,1.2109767997129144
25,1.211220852259715,1.2109767997129144
26,1.2158193584236385,1.2109767997129144
27,1.211220852259715,1.2109767997129144
28,1.2109767997129144,1.2109767997129144
29,1.2280421137009156,1.2109767997129144
30,1.211220852259715,1.2109767997129144
31,1.2109767997129144,1.2109767997129144
32,1.2109767997129144,1.2109767997129144
33,1.211220852259715,1.2109767997129144
34,1.211513578612102,1.2109767997129144
35,1.211513578612102,1.2109767997129144
36,1.211513578612102,1.2109767997129144
37,1.2158193584236385,1.2109767997129144
38,1.211220852259715,1.2109767997129144
39,1.2109767997129144,1.2109767997129144
40,1.2158193584236385,1.2109767997129144
41,1.2158193584236385,1.2109767997129144
42,1.271715814495568,1.2109767997129144
43,1.271715814495568,1.2109767997129144
44,1.211220852259715,1.2109767997129144
45,1.271715814495568,1.2109767997129144
46,1.2109767997129144,1.2109767997129144
47,1.212249568536042,1.2109767997129144
48,1.214818942259124,1.2109767997129144
49,1.2280421137009156,1.2109767997129144
