learner,tuner,pehe_mean,pehe_var,pehe_plug_mean,pehe_plug_var
x_cb,grid,0.14504821015132957,0.0035939205455621515,0.32939707752073233,0.008026797183240965
x_cb,random,0.14990144103278147,0.0037547564395035145,0.3494331510109094,0.008158626789229347
x_cb,bayes,0.1936091043303092,0.004582682208613475,0.44120190272961685,0.012523236817726744
