learner,tuner,pehe_mean,pehe_var,pehe_plug_mean,pehe_plug_var
x_rf,bayes,0.12648006148451943,0.0016084728363359448,0.2944672829887714,0.011994097104325412
x_rf,random,0.12888976956267476,0.0014824320760241502,0.29337989486968397,0.01751497305582717
