iteration,score,best_so_far
0,1.175724887625486,1.175724887625486
1,1.170557389459454,1.170557389459454
2,1.1985604324292363,1.170557389459454
3,1.1686544421309524,1.1686544421309524
4,1.1840507404308067,1.1686544421309524
5,1.1887181437483967,1.1686544421309524
6,1.1710849464149502,1.1686544421309524
7,1.1792742337250328,1.1686544421309524
8,1.1612685240853498,1.1612685240853498
9,1.1854458733012798,1.1612685240853498
