iteration,score,best_so_far
0,1.1879378134839167,1.1879378134839167
1,1.1980755243073247,1.1879378134839167
2,1.2181404614805265,1.1879378134839167
3,1.240521786758965,1.1879378134839167
4,1.19326333118788,1.1879378134839167
5,1.2213573731082856,1.1879378134839167
6,1.1965116655081858,1.1879378134839167
7,1.2015223332207967,1.1879378134839167
8,1.1642896361078432,1.1642896361078432
9,1.190972983826774,1.1642896361078432
