iteration,score,best_so_far
0,1.2451042192692017,1.2451042192692017
1,1.2503540590221067,1.2451042192692017
2,1.242786929964628,1.242786929964628
3,1.2640987332018412,1.242786929964628
4,1.2177347935001597,1.2177347935001597
5,1.2696297807002255,1.2177347935001597
6,1.2232350273078196,1.2177347935001597
7,1.2407620659492127,1.2177347935001597
8,1.2046939744029386,1.2046939744029386
9,1.2511667758609306,1.2046939744029386
