iteration,score,best_so_far
0,1.316225575176144,1.316225575176144
1,1.2977422940563874,1.2977422940563874
2,1.3397308048216008,1.2977422940563874
3,1.3152442492140903,1.2977422940563874
4,1.3092365115986573,1.2977422940563874
5,1.3071389174899677,1.2977422940563874
6,1.2980490268294167,1.2977422940563874
7,1.314035328055802,1.2977422940563874
8,1.2789230527048219,1.2789230527048219
9,1.2994160034182434,1.2789230527048219
