learner,tuner,pehe_mean,pehe_var,pehe_plug_mean,pehe_plug_var
x_cb,random,0.14374468468323479,0.0022842458439988438,0.3686693750506702,0.007247568372326085
x_cb,bayes,0.14456964811892106,0.0028211294060092487,0.3253423854959966,0.008095326015455356
