learner,tuner,pehe_mean,pehe_var,pehe_plug_mean,pehe_plug_var
x_rf,grid,0.1461637574556523,0.0031512401042296757,0.3747070069663049,0.02540041619937437
x_rf,random,0.14415621636094783,0.0036968717894097563,0.36632044669475816,0.02754023776547508
x_rf,bayes,0.14753435349738603,0.0032896971132770985,0.3778454163328706,0.02619839297135635
