learner,tuner,pehe_mean,pehe_var,pehe_plug_mean,pehe_plug_var
x_cb,random,0.1274072581622791,0.0028885058032836475,0.32509677293620726,0.00865867376547841
x_cb,bayes,0.13987513921762343,0.003927255958510382,0.34297939715245535,0.01637183448627182
